{"summary": {"eer": 0.010101010101010102, "eer_threshold": 0.7166034281253815, "roc_auc": 0.999623551325404, "rank_1_accuracy": 0.9797979797979798, "rank_5_accuracy": 1.0, "effective_rank_1_accuracy": 0.9150943396226415, "total_enrolled": 423, "total_probes": 99, "total_attempted": 106, "fta_count": 7, "fta_rate": 0.066038}, "roc": {"fpr": [0.0, 0.0, 0.0, 2.3936042893388866e-05, 2.3936042893388866e-05, 4.787208578677773e-05, 4.787208578677773e-05, 9.574417157355546e-05, 9.574417157355546e-05, 0.00016755230025372204, 0.00016755230025372204, 0.00021542438604049978, 0.00021542438604049978, 0.00023936042893388864, 0.00023936042893388864, 0.0017233950883239983, 0.0017233950883239983, 0.03408492508018574, 0.03408492508018574, 0.045454545454545456, 0.045502417540332234, 0.08269902819665853, 0.0827469002824453, 0.21614246732730144, 0.21619033941308824, 0.4909282397434056, 0.4909761118291924, 0.7960649145483268, 0.7961127866341137, 0.9630906218583943, 0.9631384939441812, 1.0], "tpr": [0.0, 0.010101010101010102, 0.8181818181818182, 0.8181818181818182, 0.8888888888888888, 0.8888888888888888, 0.898989898989899, 0.898989898989899, 0.9292929292929293, 0.9292929292929293, 0.9595959595959596, 0.9595959595959596, 0.9696969696969697, 0.9696969696969697, 0.9797979797979798, 0.9797979797979798, 0.98989898989899, 0.98989898989899, 1.0, 1.0, 1.0, 1.0, 1.0, 1.0, 1.0, 1.0, 1.0, 1.0, 1.0, 1.0, 1.0, 1.0], "thresholds": [2.0, 0.9655435979366302, 0.8811072707176208, 0.8779042959213257, 0.864083468914032, 0.8639682531356812, 0.858089804649353, 0.8547061085700989, 0.8469154536724091, 0.8379963040351868, 0.8334055244922638, 0.8314054012298584, 0.8299849033355713, 0.8249666690826416, 0.8209714293479919, 0.7737579345703125, 0.7736726105213165, 0.6714999377727509, 0.6714164316654205, 0.6587735116481781, 0.6587205231189728, 0.6312646567821503, 0.6312618851661682, 0.5793280154466629, 0.5793246030807495, 0.5184630136936903, 0.5184505209326744, 0.45307672768831253, 0.4530743844807148, 0.3785076141357422, 0.3784739598631859, 0.2210397720336914], "auc": 0.999623551325404}, "det": {"far": [0.03408492508018574, 0.03377375652257169, 0.033438651922064244, 0.0331035473215568, 0.032768442721049354, 0.03243333812054191, 0.03209823352003447, 0.031763128919527026, 0.03142802431901958, 0.031092919718512135, 0.03075781511800469, 0.03042271051749725, 0.030087605916989803, 0.02975250131648236, 0.029417396715974917, 0.02908229211546747, 0.028747187514960026, 0.02841208291445258, 0.02807697831394514, 0.027741873713437695, 0.02740676911293025, 0.027071664512422808, 0.026736559911915363, 0.026401455311407918, 0.026066350710900472, 0.02573124611039303, 0.025396141509885586, 0.02506103690937814, 0.0247259323088707, 0.024390827708363254, 0.02405572310785581, 0.023720618507348364, 0.023385513906840922, 0.023050409306333477, 0.02271530470582603, 0.02238020010531859, 0.022045095504811145, 0.0217099909043037, 0.021374886303796255, 0.021039781703288813, 0.020704677102781368, 0.020369572502273923, 0.02003446790176648, 0.019699363301259036, 0.01936425870075159, 0.01902915410024415, 0.018694049499736704, 0.01835894489922926, 0.018023840298721814, 0.017688735698214372, 0.017353631097706927, 0.017018526497199482, 0.01668342189669204, 0.016348317296184595, 0.01601321269567715, 0.015678108095169705, 0.015343003494662262, 0.015007898894154818, 0.014672794293647375, 0.01433768969313993, 0.014002585092632486, 0.013667480492125041, 0.013332375891617598, 0.012997271291110153, 0.01266216669060271, 0.012327062090095266, 0.011991957489587821, 0.011656852889080378, 0.011321748288572932, 0.010986643688065489, 0.010651539087558046, 0.0103164344870506, 0.009981329886543157, 0.009646225286035712, 0.009311120685528269, 0.008976016085020824, 0.00864091148451338, 0.008305806884005937, 0.007970702283498492, 0.007635597682991048, 0.007300493082483604, 0.00696538848197616, 0.0066302838814687156, 0.006295179280961271, 0.005960074680453827, 0.005624970079946384, 0.0052898654794389394, 0.004954760878931495, 0.004619656278424051, 0.004284551677916607, 0.0039494470774091624, 0.0036143424769017186, 0.0032792378763942744, 0.0029441332758868306, 0.0026090286753793863, 0.002273924074871942, 0.001938819474364498, 0.0016276509167504427, 0.0012925463162429987, 0.0009574417157355545, 0.0006223371152281105, 0.0002872325147206664, 9.574417157355546e-05, 0.0], "frr": [0.0, 0.010101010101010102, 0.010101010101010102, 0.010101010101010102, 0.010101010101010102, 0.010101010101010102, 0.010101010101010102, 0.010101010101010102, 0.010101010101010102, 0.010101010101010102, 0.010101010101010102, 0.010101010101010102, 0.010101010101010102, 0.010101010101010102, 0.010101010101010102, 0.010101010101010102, 0.010101010101010102, 0.010101010101010102, 0.010101010101010102, 0.010101010101010102, 0.010101010101010102, 0.010101010101010102, 0.010101010101010102, 0.010101010101010102, 0.010101010101010102, 0.010101010101010102, 0.010101010101010102, 0.010101010101010102, 0.010101010101010102, 0.010101010101010102, 0.010101010101010102, 0.010101010101010102, 0.010101010101010102, 0.010101010101010102, 0.010101010101010102, 0.010101010101010102, 0.010101010101010102, 0.010101010101010102, 0.010101010101010102, 0.010101010101010102, 0.010101010101010102, 0.010101010101010102, 0.010101010101010102, 0.010101010101010102, 0.010101010101010102, 0.010101010101010102, 0.010101010101010102, 0.010101010101010102, 0.010101010101010102, 0.010101010101010102, 0.010101010101010102, 0.010101010101010102, 0.010101010101010102, 0.010101010101010102, 0.010101010101010102, 0.010101010101010102, 0.010101010101010102, 0.010101010101010102, 0.010101010101010102, 0.010101010101010102, 0.010101010101010102, 0.010101010101010102, 0.010101010101010102, 0.010101010101010102, 0.010101010101010102, 0.010101010101010102, 0.010101010101010102, 0.010101010101010102, 0.010101010101010102, 0.010101010101010102, 0.010101010101010102, 0.010101010101010102, 0.010101010101010102, 0.010101010101010102, 0.010101010101010102, 0.010101010101010102, 0.010101010101010102, 0.010101010101010102, 0.010101010101010102, 0.010101010101010102, 0.010101010101010102, 0.010101010101010102, 0.010101010101010102, 0.010101010101010102, 0.010101010101010102, 0.010101010101010102, 0.010101010101010102, 0.010101010101010102, 0.010101010101010102, 0.010101010101010102, 0.010101010101010102, 0.010101010101010102, 0.010101010101010102, 0.010101010101010102, 0.010101010101010102, 0.010101010101010102, 0.010101010101010102, 0.020202020202020204, 0.020202020202020204, 0.020202020202020204, 0.020202020202020204, 0.020202020202020204, 0.08080808080808081, 0.18181818181818182],