{"summary": {"eer": 0.009687140289189346, "eer_threshold": 0.7308405339717865, "rank_1_accuracy": 0.9352708058124174, "rank_5_accuracy": 0.9484808454425363, "total_enrolled": 370, "total_probes": 757}, "roc": {"fpr": [0.0, 2.5056556226912174e-05, 5.727212851865639e-05, 9.306720884281664e-05, 0.00012170327310214485, 0.00018613441768563328, 0.0002469860542367057, 0.0003042581827553621, 0.0003830073594685146, 0.0007660147189370292, 0.0011347040462758799, 0.0024770195584318893, 0.0031428080524612697, 0.008533547149279803, 0.016419203344692306, 0.0262019987972853, 0.040226511268291285, 0.06150668652100455, 0.06794622147132098, 0.0746291629678417, 0.07861315540792073, 0.08604779359124883, 0.09588786117236046, 0.10048036997795023, 0.10712393688611438, 0.11232496205721486, 0.11842086423641934, 0.1250214770481945, 0.13139300134589502, 0.14144425990091922, 0.14845651613642222, 0.15497480026345178, 0.16133916554508748, 0.1672883078949629, 0.1770711033475559, 0.1826121817817359, 0.19068039288680164, 0.19857320809827897, 0.20415366112081557, 0.21091893130208184, 0.2126263566335443, 0.21836072850147475, 0.22344362990750552, 0.2358788408121188, 0.23926863491881675, 0.24203917413590675, 0.2492375647890954, 0.257821225050829, 0.2649909796397583, 0.2718278399816729, 0.2764633028836517, 0.283203516508691, 0.28580939835628993, 0.294181867644111, 0.2995869247730592, 0.30572220154062024, 0.3125626413905673, 0.32043755906188254, 0.33017382091005415, 0.34574468085106386, 0.3547900976489791, 0.3688790412645686, 0.3755798803012514, 0.38265298817330545, 0.39225322871624524, 0.4058446207153289, 0.41972953237307065, 0.431735202313794, 0.4426169067323387, 0.4584061166633258, 0.48127559348243176, 0.5109497150711606, 0.5260301824117294, 0.5389880014890753, 0.5549382892815211, 0.5749441596746943, 0.6491831562670026, 0.6941274591220182, 0.7140617393545431, 0.7392113627902981, 0.748657684487844, 0.7614902207840555, 0.7744587783854987, 0.7806835428538702, 0.7961828126342315, 0.8110735660490822, 0.8215579450760288, 0.8319098823057759, 0.8401892843847542, 0.8512177486326279, 0.8612546891555225, 0.8676333724692878, 0.8718822485037656, 0.8791200137453108, 0.8866656166776439, 0.9000851922911715, 0.9067788723117894, 0.9161106497522981, 0.9259292402852152, 0.9587461699264053, 0.9743957790441282, 0.9863942899687866], "tpr": [0.0, 0.7770083102493075, 0.8351800554016621, 0.8573407202216067, 0.871191135734072, 0.8836565096952909, 0.9016620498614959, 0.9265927977839336, 0.9404432132963989, 0.9501385041551247, 0.9598337950138505, 0.9695290858725761, 0.9806094182825484, 0.9889196675900277, 0.9930747922437673, 0.9944598337950139, 0.997229916897507, 0.997229916897507, 0.997229916897507, 0.997229916897507, 0.997229916897507, 0.997229916897507, 0.997229916897507, 0.997229916897507, 0.997229916897507, 0.997229916897507, 0.997229916897507, 0.997229916897507, 0.997229916897507, 0.997229916897507, 0.997229916897507, 0.997229916897507, 0.997229916897507, 0.997229916897507, 0.997229916897507, 0.997229916897507, 0.997229916897507, 0.997229916897507, 0.997229916897507, 0.997229916897507, 0.997229916897507, 0.997229916897507, 0.997229916897507, 0.997229916897507, 0.997229916897507, 0.997229916897507, 0.997229916897507, 0.997229916897507, 0.997229916897507, 0.997229916897507, 0.997229916897507, 0.997229916897507, 0.997229916897507, 0.997229916897507, 0.997229916897507, 0.997229916897507, 0.997229916897507, 0.997229916897507, 0.997229916897507, 0.997229916897507, 0.997229916897507, 0.997229916897507, 0.997229916897507, 0.997229916897507, 0.997229916897507, 0.997229916897507, 0.997229916897507, 0.997229916897507, 0.997229916897507, 0.997229916897507, 0.997229916897507, 0.997229916897507, 0.997229916897507, 0.997229916897507, 0.997229916897507, 0.9986149584487535, 0.9986149584487535, 0.9986149584487535, 0.9986149584487535, 0.9986149584487535, 0.9986149584487535, 0.9986149584487535, 0.9986149584487535, 0.9986149584487535, 0.9986149584487535, 0.9986149584487535, 1.0, 1.0, 1.0, 1.0, 1.0, 1.0, 1.0, 1.0, 1.0, 1.0, 1.0, 1.0, 1.0, 1.0, 1.0, 1.0], "thresholds": [Infinity, 0.873264878988266, 0.8574727177619934, 0.8511743247509003, 0.8473632633686066, 0.8406357765197754, 0.8340631723403931, 0.8275907635688782, 0.8226434886455536, 0.8067790567874908, 0.7954382598400116, 0.7745333909988403, 0.7675345540046692, 0.7355163991451263, 0.7112644463777542, 0.6933595091104507, 0.6755578517913818, 0.6566336005926132, 0.6519481539726257, 0.6475372612476349, 0.644883781671524, 0.6403925716876984, 0.6347570717334747, 0.6322939991950989, 0.6289001405239105, 0.6263716369867325, 0.6236061751842499, 0.6206633299589157, 0.617930993437767, 0.6139398515224457, 0.6112672835588455, 0.6087817400693893, 0.6065220832824707, 0.6044901311397552, 0.6011528000235558, 0.59934301674366, 0.5967620685696602, 0.5942533016204834, 0.5924877375364304, 0.5904253125190735, 0.5899179875850677, 0.588260680437088, 0.5867529585957527, 0.583321139216423, 0.5823812335729599, 0.5816240385174751, 0.5796583890914917, 0.5773276537656784, 0.5754686444997787, 0.5737344026565552, 0.5725498348474503, 0.5708046182990074, 0.5701247006654739, 0.5680061355233192, 0.5666927844285965, 0.5652136653661728, 0.5635818839073181, 0.5617045499384403, 0.559410810470581, 0.5559251978993416, 0.5538823679089546, 0.5507246069610119, 0.5492909103631973, 0.5477348156273365, 0.545653410255909, 0.5427726656198502, 0.5399567782878876, 0.5374256931245327, 0.5351351909339428, 0.5319244936108589, 0.5272687543183565, 0.5214091762900352, 0.5183469578623772, 0.5158002637326717, 0.5125360582023859, 0.5084597999230027, 0.4930337816476822, 0.48310719430446625, 0.47841618210077286, 0.4724945742636919, 0.4701678641140461, 0.46692660450935364, 0.4636513590812683, 0.4619503729045391, 0.45790617913007736, 0.453816756606102, 0.4507519416511059, 0.44763896614313126, 0.4450708329677582, 0.44152332097291946, 0.43817004561424255, 0.43592747300863266, 0.4343990534543991, 0.4316575974225998, 0.4287522882223129, 0.42322421073913574, 0.4204226955771446, 0.4160853177309036, 0.4110534340143204, 0.3897141218185425, 0.37423959374427795, 0.35559047758579254]},